{"cameraMode":{"drawMode":0,"name":"Shaded","section":"Shading Mode"},"sceneLighting":false,"audioPlay":false,"sceneViewState":{"showFog":true,"showMaterialUpdate":false,"showSkybox":false,"showFlares":true,"showImageEffects":true,"showParticleSystems":true},"in2DMode":false,"pivot":{"x":446.0350036621094,"y":163.0899658203125,"z":-268.5906982421875},"rotation":{"x":-0.11926718801259995,"y":0.8120126724243164,"z":-0.1784379929304123,"w":-0.542746365070343},"size":1346.061279296875,"orthographic":false}