{"cameraMode":{"drawMode":0,"name":"Shaded","section":"Shading Mode"},"sceneLighting":true,"audioPlay":false,"sceneViewState":{"showFog":true,"showMaterialUpdate":false,"showSkybox":true,"showFlares":true,"showImageEffects":true,"showParticleSystems":true},"in2DMode":false,"pivot":{"x":18.043437957763673,"y":-1.4923038482666016,"z":78.72229766845703},"rotation":{"x":0.017719289287924768,"y":0.16074924170970918,"z":-0.0032476000487804415,"w":0.9870977997779846},"size":73.3784408569336,"orthographic":false}